Settings|Réglages|Einstellungen|Ajustes|Impostazioni|設定|설정|设置|設定
My Journal|Mon journal|Mein Tagebuch|Mi diario|Il mio diario|マイジャーナル|나의 일지|我的日记|我的日記
Pokémon|Pokémon|Pokémon|Pokémon|Pokémon|ポケモン|포켓몬|宝可梦|寶可夢
Trainer|Dresseur|Trainer|Entrenador|Allenatore|トレーナー|트레이너|训练家|訓練家
Inventory|Inventaire|Inventar|Inventario|Inventario|バッグ|가방|背包|背包
Storage|Stockage|Lagerung|Almacenamiento|Archivio|ボックス管理|보관함|存储|儲存
Encounters|Rencontres|Begegnungen|Encuentros|Incontri|出会い|만남|遭遇|遭遇
File Library|Bibliothèque de fichiers|Dateibibliothek|Biblioteca de archivos|Libreria dei file|ファイルライブラリ|파일 라이브러리|文件库|檔案庫
Mystery Gifts|Cadeaux Mystère|Geheimgeschenke|Regalos misteriosos|Doni Segreti|ふしぎなおくりもの|이상한 소포|神秘礼物|神秘禮物
Gift Album|Album des cadeaux|Geschenkalbum|Álbum de regalos|Album dei doni|おくりものアルバム|선물 앨범|礼物相册|禮物相簿
Research|Recherches|Forschung|Investigación|Ricerca|調査|조사|调查|調查
Fashion|Garde-robe|Kleidung|Moda|Abbigliamento|着せ替え|의상|服装|服裝
Treats|Friandises|Leckereien|Dulces|Dolcetti|おやつ|간식|点心|點心
Game Extras|Extras du jeu|Spiel-Extras|Extras del juego|Extra del gioco|ゲーム別の機能|게임별 기능|游戏扩展|遊戲擴充
Save Tools|Outils de sauvegarde|Speicherstand-Werkzeuge|Herramientas de guardado|Strumenti di salvataggio|セーブツール|저장 도구|存档工具|存檔工具
Advanced Save|Sauvegarde avancée|Erweiterter Speicherstand|Guardado avanzado|Salvataggio avanzato|詳細セーブ編集|고급 저장 편집|高级存档|進階存檔
Event Flags|Indicateurs d’événement|Ereignisflags|Indicadores de evento|Indicatori degli eventi|イベントフラグ|이벤트 플래그|事件标记|事件標記
Batch Editor|Éditeur par lots|Stapeleditor|Editor por lotes|Editor in serie|一括編集|일괄 편집|批量编辑|批次編輯
Workspace|Espace de travail|Arbeitsbereich|Espacio de trabajo|Area di lavoro|ワークスペース|작업 공간|工作区|工作區
Application|Application|Anwendung|Aplicación|Applicazione|アプリケーション|앱|应用|應用程式
Appearance|Apparence|Darstellung|Apariencia|Aspetto|外観|모양|外观|外觀
New KeepSake Window|Nouvelle fenêtre KeepSake|Neues KeepSake-Fenster|Nueva ventana de KeepSake|Nuova finestra KeepSake|KeepSakeの新規ウインドウ|새 KeepSake 창|新建 KeepSake 窗口|新增 KeepSake 視窗
Open Save or Pokémon…|Ouvrir une sauvegarde ou un Pokémon…|Spielstand oder Pokémon öffnen…|Abrir partida o Pokémon…|Apri salvataggio o Pokémon…|セーブ・ポケモンを開く…|저장 파일 또는 포켓몬 열기…|打开存档或宝可梦…|開啟存檔或寶可夢…
Explore Sample Workspace|Explorer un exemple|Beispiel öffnen|Explorar un ejemplo|Esplora un esempio|サンプルを開く|샘플 열기|探索示例|探索範例
Export Edited Save…|Exporter la sauvegarde modifiée…|Bearbeiteten Spielstand exportieren…|Exportar partida editada…|Esporta salvataggio modificato…|編集したセーブを書き出す…|편집한 저장 파일 내보내기…|导出修改的存档…|匯出修改的存檔…
Export Pokémon…|Exporter le Pokémon…|Pokémon exportieren…|Exportar Pokémon…|Esporta Pokémon…|ポケモンを書き出す…|포켓몬 내보내기…|导出宝可梦…|匯出寶可夢…
Export Copy|Exporter une copie|Kopie exportieren|Exportar copia|Esporta copia|コピーを書き出す|사본 내보내기|导出副本|匯出副本
About KeepSake|À propos de KeepSake|Über KeepSake|Acerca de KeepSake|Informazioni su KeepSake|KeepSakeについて|KeepSake 정보|关于 KeepSake|關於 KeepSake
KeepSake Support|Assistance KeepSake|KeepSake-Hilfe|Soporte de KeepSake|Assistenza KeepSake|KeepSakeサポート|KeepSake 지원|KeepSake 支持|KeepSake 支援
Check for Updates…|Rechercher des mises à jour…|Nach Updates suchen…|Buscar actualizaciones…|Cerca aggiornamenti…|アップデートを確認…|업데이트 확인…|检查更新…|檢查更新…
Settings…|Réglages…|Einstellungen…|Ajustes…|Impostazioni…|設定…|설정…|设置…|設定…
Interface language|Langue de l’interface|Sprache der Oberfläche|Idioma de la interfaz|Lingua dell’interfaccia|表示言語|인터페이스 언어|界面语言|介面語言
System language|Langue du système|Systemsprache|Idioma del sistema|Lingua di sistema|システムの言語|시스템 언어|系统语言|系統語言
Language|Langue|Sprache|Idioma|Lingua|言語|언어|语言|語言
More Filters|Plus de filtres|Weitere Filter|Más filtros|Altri filtri|詳細フィルター|추가 필터|更多筛选|更多篩選
Encounter filters|Filtres de rencontre|Begegnungsfilter|Filtros de encuentro|Filtri degli incontri|出会いのフィルター|만남 필터|遭遇筛选|遭遇篩選
Prepare Pokémon|Préparer le Pokémon|Pokémon vorbereiten|Preparar Pokémon|Prepara Pokémon|ポケモンを準備|포켓몬 준비|准备宝可梦|準備寶可夢
Set to Slot|Placer dans l’emplacement|In Platz ablegen|Colocar en casilla|Inserisci nello slot|スロットに配置|슬롯에 넣기|放入栏位|放入欄位
Cosmetics|Apparence du Pokémon|Pokémon-Aussehen|Aspecto del Pokémon|Aspetto del Pokémon|リボンと外観|리본 및 외형|装饰|裝飾
Ready|Prêt|Bereit|Listo|Pronto|準備完了|준비 완료|就绪|就緒
Working…|Traitement…|Wird bearbeitet…|Procesando…|Elaborazione…|処理中…|처리 중…|处理中…|處理中…
Done|Terminé|Fertig|Listo|Fine|完了|완료|完成|完成
Discard|Abandonner|Verwerfen|Descartar|Scarta|破棄|버리기|放弃|捨棄
Discard unsaved changes?|Abandonner les modifications non enregistrées ?|Ungespeicherte Änderungen verwerfen?|¿Descartar los cambios sin guardar?|Scartare le modifiche non salvate?|未保存の変更を破棄しますか？|저장하지 않은 변경 사항을 버릴까요?|放弃未保存的更改？|捨棄尚未儲存的變更？
Discard uncommitted edits?|Abandonner les modifications non appliquées ?|Nicht übernommene Änderungen verwerfen?|¿Descartar los cambios sin aplicar?|Scartare le modifiche non applicate?|未適用の編集を破棄しますか？|적용하지 않은 편집을 버릴까요?|放弃未应用的编辑？|捨棄尚未套用的編輯？
Themes|Thèmes|Designs|Temas|Temi|テーマ|테마|主题|主題
Files & Startup|Fichiers et démarrage|Dateien & Start|Archivos e inicio|File e avvio|ファイルと起動|파일 및 시작|文件与启动|檔案與啟動
Updates & Backup|Mises à jour et sauvegarde|Updates & Sicherung|Actualizaciones y copias|Aggiornamenti e backup|更新とバックアップ|업데이트 및 백업|更新与备份|更新與備份
Species|Espèce|Art|Especie|Specie|種類|종류|种类|種類
Gender|Sexe|Geschlecht|Sexo|Sesso|性別|성별|性别|性別
Held item|Objet tenu|Getragenes Item|Objeto equipado|Strumento tenuto|持ち物|지닌물건|携带物品|攜帶物品
More|Plus|Mehr|Más|Altro|その他|더 보기|更多|更多
Training|Entraînement|Training|Entrenamiento|Allenamento|育成|육성|训练|訓練
Personality|Personnalité|Persönlichkeit|Personalidad|Personalità|個性|개성|个性|個性
Main|Principal|Allgemein|Principal|Generale|基本|기본|基本|基本
Met|Rencontre|Begegnung|Encuentro|Incontro|出会い|만남|相遇|相遇
Stats|Statistiques|Statuswerte|Estadísticas|Statistiche|能力|능력치|能力|能力
Moves|Capacités|Attacken|Movimientos|Mosse|技|기술|招式|招式
Undo|Annuler|Rückgängig|Deshacer|Annulla|取り消す|실행 취소|撤销|復原
Redo|Rétablir|Wiederholen|Rehacer|Ripristina|やり直す|다시 실행|重做|重做
Support|Assistance|Hilfe|Soporte|Assistenza|サポート|지원|支持|支援
Check for Updates|Rechercher des mises à jour|Nach Updates suchen|Buscar actualizaciones|Cerca aggiornamenti|アップデートを確認|업데이트 확인|检查更新|檢查更新
Automatically check for updates|Rechercher automatiquement les mises à jour|Automatisch nach Updates suchen|Buscar actualizaciones automáticamente|Cerca aggiornamenti automaticamente|アップデートを自動で確認|업데이트 자동 확인|自动检查更新|自動檢查更新
Choose Backup Folder…|Choisir le dossier de sauvegarde…|Sicherungsordner wählen…|Elegir carpeta de copias…|Scegli cartella di backup…|バックアップ先を選択…|백업 폴더 선택…|选择备份文件夹…|選擇備份資料夾…
Back Up Now|Sauvegarder maintenant|Jetzt sichern|Crear copia ahora|Esegui backup ora|今すぐバックアップ|지금 백업|立即备份|立即備份
Report an Issue|Signaler un problème|Problem melden|Informar de un problema|Segnala un problema|問題を報告|문제 신고|报告问题|回報問題
Copy App Details|Copier les détails de l’application|App-Details kopieren|Copiar detalles de la app|Copia dettagli dell’app|アプリ情報をコピー|앱 정보 복사|复制应用详情|複製應用程式資訊
Read the Guide|Lire le guide|Anleitung lesen|Leer la guía|Leggi la guida|ガイドを読む|가이드 읽기|阅读指南|閱讀指南
